;Title;Cond;IPTU;Address;Price;Bedrooms;Bathrooms;Garage;Area;Floor;Features;Description;Url
0;"
    Apartamento com 4 Quartos √† venda, 266m¬≤ - Setor Marista
  ";R$ 1.800;n√£o informado;"
              Rua 1121, 625 - Setor Marista, Goi√¢nia - GO
            ";"Venda
        R$ 1.500.000
      ";"
        4 quartos
        ";"
        5 banheiros
        ";"
        2 vagas
        ";"
        266 m¬≤
        ";Floor not informed;['\n              Ar-condicionado\n            \n              √Årea de servi√ßo\n            \n              Circuito de seguran√ßa\n            \n              Condom√≠nio fechado\n            \n              Conex√£o √† internet\n            \n              Dep√≥sito\n            \n              Elevador\n            \n              Escrit√≥rio\n            \n              Interfone\n            \n              Recep√ß√£o\n            \n              Sal√£o de festas\n            \n              Sistema de alarme\n            \n              TV a cabo\n            \n              Varanda\n            \n              Varanda gourmet\n            \n              Vigia\n            '];R. T-62O im√≥vel ‚Äì um apartamento de 387 m¬≤ localizado no Setor Bueno, em andar exclusivo, passou por reforma e foi entregue com uma integra√ß√£o que celebra o prazer de comer e beber.A decora√ß√£o, marcada por pe√ßas de design assinado, tem ar contempor√¢neo, a sala de jantar, marcada com pendentes, integra com a √°rea gourmet, composta por bancada e cooktop, o living abriga ambientes de estar / TV / lounge e o lavabo.S√£o 4 su√≠tes sendo 2 su√≠tes americanas, a su√≠te master conta com closet e sala de banho, su√≠te 2, banho2, 02 quartos integrados com um banheiro, copa com mesa de refei√ß√£o 6 lugares, cozinha, √°rea de servi√ßo com banho de servi√ßo e hall servi√ßo. Ainda conta com 2 vagas de garagens que cabem 3 carros. O valor do condom√≠nio: R$ 1.800,00.Voc√™ tem alguma d√∫vida sobre esse an√∫ncio?FALE CONOSCO E AGENDE SUA VISITA!VEJA MAIS IM√ìVEIS EM: JULIANAMACHADOIMOVEIS.COM.BR;https://www.zapimoveis.com.br/imovel/venda-apartamento-4-quartos-com-seguranca-interna-setor-marista-goiania-go-266m2-id-2488901475/
1;"
    Apartamento com 4 Quartos √† venda, 350m¬≤ - Jardim Paulista
  ";R$ 3.900;R$ 2.400;"
              Jardim Paulista, S√£o Paulo - SP
            ";"Venda
        R$ 5.400.000
      ";"
        4 quartos
        ";"
        6 banheiros
        ";"
        3 vagas
        ";"
        350 m¬≤
        ";Floor not informed;[];Localizado pr√≥ximo ao Shopping Pamplona Jardins e Parque Ibirapuera. O apartamento possui planta quadrada com boa distribui√ß√£o, amplo hall de entrada, living para diversos ambientes todo avarandado, sala de jantar, copa-cozinha e depend√™ncia de funcion√°ria. Na √°rea √≠ntima, disp√µe de quatro amplas su√≠tes, sendo a m√°ster com closet. Pr√©dio com tr√™s vagas, amplo dep√≥sito e lazer com piscina.;https://www.zapimoveis.com.br/imovel/venda-apartamento-4-quartos-jardim-paulista-zona-sul-sao-paulo-sp-350m2-id-2556215214/
2;"
    Apartamento com 2 Quartos √† venda, 104m¬≤ - Botafogo
  ";R$ 1.200;R$ 2.697;"
              Rua S√£o Jo√£o Batista - Botafogo, Rio de Janeiro - RJ
            ";"Venda
        R$ 1.020.000
      ";"
        2 quartos
        ";"
        3 banheiros
        ";"
        1 vaga
        ";"
        104 m¬≤
        ";Floor not informed;['\n              Aquecimento\n            \n              Ar-condicionado\n            \n              √Årea de servi√ßo\n            \n              Cozinha\n            \n              Elevador\n            \n              Garagem\n            \n              Interfone\n            \n              Playground\n            \n              Sal√£o de festas\n            \n              Varanda\n            \n              Vista para a montanha\n            '];Privil√©gio Im√≥veis vende: Maravilhosos apartamento composto por 2 amplos quartos (sendo 1 su√≠te), sala ampla com acesso √† varanda, com cozinha extensa, √°rea de servi√ßo, depend√™ncias completas. 1 vaga na escritura. O im√≥vel √© reformado em fino acabamento, piso porcelanato, repleto de arm√°rios planejados e blindex, pronto pra entrar e morar!! Pr√©dio com playground, sal√£o de festas e portaria 24 horas. Venha conferir, agende j√° a sua visita!! Fale conosco pelo WhatsApp: . Facilite o seu atendimento com c√≥digo do im√≥vel 1800. Avaliamos seu im√≥vel gratuitamente! O valor deste im√≥vel poder√° sofrer altera√ß√µes sem aviso pr√©vio. Excelente oportunidade na Privil√©gio Im√≥veis;https://www.zapimoveis.com.br/imovel/venda-apartamento-2-quartos-com-playground-botafogo-zona-sul-rio-de-janeiro-rj-104m2-id-2560640217/
3;"
    Apartamento com 2 Quartos √† venda, 44m¬≤ - Jardim Maria Estela
  ";R$ 450;n√£o informado;"
              Rua Padre Jer√¥nimo Vermin - Jardim Maria Estela, S√£o Paulo - SP
            ";"Venda
        R$ 275.000
      ";"
        2 quartos
        ";"
        1 banheiro
        ";"
        1 vaga
        ";"
        44 m¬≤
        ";Floor not informed;['\n              Churrasqueira\n            \n              Cozinha\n            \n              Piscina\n            \n              Sal√£o de festas\n            '];Apartamento √† Venda, 44m¬≤ por R$ 275.000. Jardim Maria Estela - S√£o Paulo/SP Encontrar o im√≥vel dos sonhos nunca foi t√£o f√°cil como na parceria entre a Arbo e a Vieira Im√≥veis! Basta preencher o formul√°rio com nome, telefone e e-mail e enviar. Pronto! Agora o corretor da Vieira Im√≥veis entrar√° em contato para confirmar interesse e agendar uma visita. Se tiver alguma d√∫vida, √© s√≥ entrar em contato com a Arbo pelo n√∫mero anunciado ao lado. Lembre-se que o im√≥vel est√° sujeito √† confirma√ß√£o de disponibilidade e valores. Confira mais sobre o im√≥vel da Vieira Im√≥veis: Apartamento no bairro do Jardim Maria Estela com 44 m¬≤ divididos em 2 dormit√≥rios, 1 banheiro social , cozinha com arm√°rios, √°rea de servi√ßo e 1 vaga de garagem.IPTU ISENTO.Condom√≠nio fechado, Elevador, Seguran√ßa 24 h, Portaria, Permitido animais, Academia, Piscina, Sal√£o de festas.Pr√≥ximo a Avenida Marginal Direita Anchieta, Rua Dezoito de Outubro, Avenida Nossa Sra da Encarna√ß√£o, Rua Olympia Semeraro, Padaria, Pizzaria, Mc Donald¬¥s, Creche, F√°cil acesso ao metr√¥ Sacom√£, litoral paulista e toda a regi√£o do ABC, incluindo a Avenida Tancredo Neves/ Bandeirantes.;https://www.zapimoveis.com.br/imovel/venda-apartamento-2-quartos-com-piscina-jardim-maria-estela-zona-sul-sao-paulo-sp-44m2-id-2570219606/
4;"
    Apartamento com 2 Quartos √† venda, 69m¬≤ - Vila Santa Tereza
  ";R$ 630;R$ 600;"
              Rua Padre Jo√£o, 100 - Vila Santa Tereza, Bauru - SP
            ";"Venda
        R$ 349.610
      ";"
        2 quartos
        ";"
        1 banheiro
        ";"
        2 vagas
        ";"
        69 m¬≤
        ";Floor not informed;['\n              Churrasqueira\n            \n              Sal√£o de festas\n            '];√ìtimo apartamento de 75m¬≤ localizado pr√≥ximo √† Av. Na√ß√µes Unidas.2 dormit√≥rios com arm√°rios sendo 1 su√≠teSala de jantar e estar integradas2 vagas de garagemTipo do im√≥vel: ApartamentoMetragem √∫til: 69m¬≤Total dormit√≥rios: 2Total su√≠tes: 1Localiza√ß√£o: Vila Santa Tereza | BauruValor: R$350.000Algumas caracter√≠sticas:- Arm√°rios na cozinha- Arm√°rios no quarto- Arm√°rios nos banheiros- Box de vidro- Churrasqueira- Espelho no banheiro- Janelas grandes- Portaria 24h- Sal√£o de festas- Sol da manh√£An√∫ncio do corretor de im√≥veis Danilo Nicolini dos Santos CRECI: 241213;https://www.zapimoveis.com.br/imovel/venda-apartamento-2-quartos-com-churrasqueira-vila-santa-tereza-bauru-sp-69m2-id-2569922595/
5;"
    Apartamento com 3 Quartos √† venda, 96m¬≤ - Jardim Santa Am√°lia
  ";R$ 300;R$ 674;"
              Rua Jos√© Ferreira Godoy, 65 - Jardim Santa Am√°lia, Campinas - SP
            ";"Venda
        R$ 340.000
      ";"
        3 quartos
        ";"
        2 banheiros
        ";"
        2 vagas
        ";"
        96 m¬≤
        ";Floor not informed;['\n              Interfone\n            \n              Varanda gourmet\n            '];APARTAMENTO NO JARDIM DO VOV√î CAMPINAS/SPApartamento com 3 quartos, sala para 2 ambientes, cozinha planejada, banheiro, √°rea de servi√ßo e lavanderia, vaga de garagem.√ìtima localiza√ß√£o pr√≥xima √† esta√ß√£o da Lix da Cunha e pr√≥ximo tamb√©m ao supermercado Galassi.A Petrucci Gest√£o Imobili√°ria oferece todo o suporte na hora da compra, venda e loca√ß√£o de um im√≥vel. Departamento jur√≠dico em tempo integral, al√©m de profissionais capacitados e especializados em atender e sanar todas as d√∫vidas, desde a escolha do im√≥vel at√© o p√≥s-venda. Somos especialistas em ajustar o neg√≥cio de acordo com a realidade de cada cliente, assim adaptamos propostas exclusivas de mercado para voc√™ chegar onde deseja. Consulte-nos! Petrucci Gest√£o Imobili√°ria. -;https://www.zapimoveis.com.br/imovel/venda-apartamento-3-quartos-com-varanda-gourmet-jardim-santa-amalia-campinas-sp-96m2-id-2570062336/
6;"
    Apartamento com 2 Quartos √† venda, 55m¬≤ - Rudge Ramos
  ";R$ 365;n√£o informado;"
              Rudge Ramos, S√£o Bernardo do Campo - SP
            ";"Venda
        R$ 325.000
      ";"
        2 quartos
        ";"
        2 banheiros
        ";"
        1 vaga
        ";"
        55 m¬≤
        ";Floor not informed;['\n              Churrasqueira\n            \n              Piscina\n            \n              Playground\n            \n              Quadra poliesportiva\n            \n              Sal√£o de festas\n            \n              Sal√£o de jogos\n            \n              Varanda\n            '];Apartamento √† Venda, 55m¬≤ por R$ 325.000. Rudge Ramos - S√£o Bernardo do Campo/SP Encontrar o im√≥vel dos sonhos nunca foi t√£o f√°cil como na parceria entre a Arbo e a Mix Nascimento! Basta preencher o formul√°rio com nome, telefone e e-mail e enviar. Pronto! Agora o corretor da Mix Nascimento entrar√° em contato para confirmar interesse e agendar uma visita. Se tiver alguma d√∫vida, √© s√≥ entrar em contato com a Arbo pelo n√∫mero anunciado ao lado. Lembre-se que o im√≥vel est√° sujeito √† confirma√ß√£o de disponibilidade e valores. Confira mais sobre o im√≥vel da Mix Nascimento: Apartamento no Condominio San Diego no Rudge Ramos2 dormitorios sendo 1 suite, 1 vaga de garagem presa, sala 2 ambientes, sacada, vista livre.Condominio com lazer completo, otima localiza√ß√£o.;https://www.zapimoveis.com.br/imovel/venda-apartamento-2-quartos-com-piscina-rudge-ramos-sao-bernardo-do-campo-sp-55m2-id-2570220500/
7;"
    Apartamento com 2 Quartos √† venda, 50m¬≤ - Jardim Umuarama
  ";R$ 250;n√£o informado;"
              Jardim Umuarama, S√£o Paulo - SP
            ";"Venda
        R$ 210.000
      ";"
        2 quartos
        ";"
        1 banheiro
        ";"
        1 vaga
        ";"
        50 m¬≤
        ";Floor not informed;['\n              Condom√≠nio fechado\n            \n              Lavanderia\n            '];O apartamento fica localizado no bairro Jd. Umuarama com 50 m¬≤, 2 Dormit√≥rios, 1 Banheiro e 1 Vaga.Financi√°vel!;https://www.zapimoveis.com.br/imovel/venda-apartamento-2-quartos-com-lavanderia-coletiva-jardim-umuarama-zona-sul-sao-paulo-sp-50m2-id-2570288458/
8;"
    Apartamento com 2 Quartos √† venda, 49m¬≤ - Jardim Das Palmas
  ";R$ 350;n√£o informado;"
              Jardim Das Palmas, S√£o Paulo - SP
            ";"Venda
        R$ 250.000
      ";"
        2 quartos
        ";"
        1 banheiro
        ";"
        1 vaga
        ";"
        49 m¬≤
        ";Floor not informed;['\n              Academia\n            \n              √Årea de servi√ßo\n            \n              Churrasqueira\n            \n              Condom√≠nio fechado\n            \n              Cozinha\n            \n              Interfone\n            \n              Playground\n            \n              Quadra poliesportiva\n            \n              Varanda\n            '];Apartamento residencial √† venda, Jardim das Palmas- S√£o Paulo.Conta com 2 dormit√≥rios, um com arm√°rios embutido, sala, cozinha, √°rea de servi√ßo e banheiro.1 vaga de garagem.O Condom√≠nio conta com : playground, quadra poliesportiva, churrasqueira, sal√£o de festas, academia e jardim.Localiza√ß√£o: pr√≥ximo a com√©rcios como: padaria, a√ßougue, sacol√£o, sal√£o de beleza, pizzaria, casa de material para constru√ß√£o, escolas e ponto de √¥nibus.*Propriet√°rio estuda permuta (autom√≥vel)*Quitado/Aceita Financiamento e FGTS.Marque uma visita com um de nossos corretores e confira. -;https://www.zapimoveis.com.br/imovel/venda-apartamento-2-quartos-com-churrasqueira-jardim-das-palmas-zona-oeste-sao-paulo-sp-49m2-id-2570204759/
9;"
    Apartamento com 2 Quartos √† venda, 70m¬≤ - Centro
  ";n√£o informado;n√£o informado;"
              Centro, Monte Mor - SP
            ";"Venda
        R$ 263.000
      ";"
        2 quartos
        ";"
        1 banheiro
        ";"
        2 vagas
        ";"
        70 m¬≤
        ";Floor not informed;[];2 quartos, sendo 1 su√≠te Sala de estar/jantar Cozinha/lavanderia Banheiro Terra√ßo 2 vagas de garagem √Årea √∫til 65m¬≤ Edif√≠cio possui 2 elevadores e sal√£o de festas. Unidade nova, nunca habitada.;https://www.zapimoveis.com.br/imovel/venda-apartamento-2-quartos-centro-monte-mor-sp-70m2-id-92659539/
10;"
    Apartamento com 2 Quartos √† venda, 65m¬≤ - Parque Industrial
  ";R$ 400;R$ 1.000;"
              Rua Palmares, 125 - Parque Industrial, S√£o Jos√© dos Campos - SP
            ";"Venda
        R$ 260.413
      ";"
        2 quartos
        ";"
        2 banheiros
        ";"
        1 vaga
        ";"
        65 m¬≤
        ";"
        14¬∫ andar
        ";['\n              Aceita animais\n            \n              Ar-condicionado\n            \n              Condom√≠nio fechado\n            \n              Cozinha americana\n            \n              Port√£o eletr√¥nico\n            \n              Portaria 24h\n            '];Apartamento a venda no Parque Industrial - 65m¬≤ - 2 dormit√≥rios .Conhe√ßa o *Green Park Residence & Mall* em breve no Parque Industrial o melhor 2 e 3 dormit√≥rios da regi√£o para voc√™ investir com intelig√™ncia e solidez2 e 3 dormit√≥rios de 58 a 84m2 e coberturas exclusivas e *VARANDA GOURMET*No do Parque industrial nasce um projeto conceito que ir√° trazer para a regi√£o um empreendimento composto por 8?4? apartamentos residenciais e _13 lojas comerciais_ um *verdadeiro marco na hist√≥ria do bairro.**Green Park Residence & Mall* √© o futuro dos seus investimentos.Lazer Exclusivo:Sal√£o de festas com espa√ßo gourmet e adegaEscadas com contador de caloriasOfur√¥ com pergoladoBrinquedotecaEspa√ßo FitnessGame StationApartamentos (cotas) de 59m2, 63m2, com 2 dormit√≥rios e 84m2 e 85m2 com 3 dormit√≥rios 1 ou 2 vagasCoberturas exclusivas a partir de 100m2 at√© 140m2 todas com 2 vagasCada Cota representa 1 unidade.Lucro estimado a valor presente 55%A Exclusividade de investir com solidez come√ßa aqui (12) 9 9 2 5 2 - 5 3 1 9 DANIELA MEDRANO CRECI- 216016 - FAgende uma reuni√£o e fa√ßa parte do investimento que vai mudar sua vida !;https://www.zapimoveis.com.br/imovel/venda-apartamento-2-quartos-parque-industrial-sao-jose-dos-campos-sp-65m2-id-2553571431/
11;"
    Apartamento com 2 Quartos √† venda, 56m¬≤ - Torre√£o
  ";R$ 450;R$ 126;"
              Rua C√¢ndido Lacerda - Torre√£o, Recife - PE
            ";"Venda
        R$ 390.000
      ";"
        2 quartos
        ";"
        2 banheiros
        ";"
        1 vaga
        ";"
        56 m¬≤
        ";Floor not informed;['\n              Academia\n            \n              Acesso para deficientes\n            \n              √Årea de lazer\n            \n              Campo de futebol\n            \n              Churrasqueira\n            \n              Condom√≠nio fechado\n            \n              Copa\n            \n              Elevador\n            \n              Hall de entrada\n            \n              Im√≥vel de esquina\n            \n              Janela de alum√≠nio\n            \n              Piscina\n            \n              Playground\n            \n              Port√£o eletr√¥nico\n            \n              Portaria 24h\n            \n              Sal√£o de festas\n            \n              Sal√£o de jogos\n            \n              Varanda\n            \n              Ventila√ß√£o natural\n            '];Localizado no bairro do Torre√£o, numa regi√£o arborizada, com ruas largas e com toda tranquilidade, mesmo estando ao lado de algumas das maiores vias da cidade do Recife. Pr√≥ximo a bares, restaurantes, escolas, faculdades, supermercados, padarias e centros comerciais. O Duetto, est√° PRONTO PARA M0RAR e possui apartamentos de 02 quartos (1 su√≠te), com √°rea √∫til de 55,47m¬≤ e 56,58m¬≤ e 01 vaga de garagem. Oferece √°rea de lazer completa com fitness center, sal√£o de festas com copa, sauna, sala de jogos, piscina adulto e infantil com deck, playground e minicampo gramado. A uni√£o perfeita entre o lazer e a sua fam√≠lia. Empreendimento: 02 Torres - 21 Pavimentos Tipo - 04 apartamentos por andar - 02 Elevadores de √∫ltima gera√ß√£o (01 Social e 01 Servi√ßo) - Hall de entrada - Fitness Center - Sal√£o de festas com copa - Sauna - Sala de Jogos - Piscina adulto e infantil com deck - Playground - Minicampo.;https://www.zapimoveis.com.br/imovel/venda-apartamento-2-quartos-com-piscina-torreao-recife-pe-56m2-id-2427477714/
12;"
    Apartamento com 2 Quartos √† venda, 61m¬≤ - Ara√ßagy
  ";n√£o informado;n√£o informado;"
              Ara√ßagy, S√£o Jos√© de Ribamar - MA
            ";"Venda
        R$ 230.000
      ";"
        2 quartos
        ";"
        2 banheiros
        ";"
        1 vaga
        ";"
        61 m¬≤
        ";Floor not informed;['\n              Condom√≠nio fechado\n            \n              Cozinha americana\n            \n              Elevador\n            \n              Piscina\n            \n              Playground\n            \n              Port√£o eletr√¥nico\n            \n              Portaria 24h\n            \n              Sal√£o de festas\n            '];O apartamento est√° localizado no bairro Ara√ßagy tem 61 metros quadrados com 2 quartos sendo 1 suite e 2 banheirosPossui √°rea de recrea√ß√£o infantil, sal√£o de festas.Vai lhe possibilitar curtir os dias mais quentes na piscina.Elevador que garante o transporte das suas malas e compras.Encontra-se em um condom√≠nio protegido por muros.;https://www.zapimoveis.com.br/imovel/venda-apartamento-2-quartos-com-piscina-aracagy-sao-jose-de-ribamar-ma-61m2-id-2570149512/
13;"
    Apartamento com 2 Quartos √† venda, 80m¬≤ - Boqueir√£o
  ";R$ 510;R$ 265;"
              Rua Luiz Ant√¥nio de Andrade Vieira - Boqueir√£o, Praia Grande - SP
            ";"Venda
        R$ 260.000
      ";"
        2 quartos
        ";"
        2 banheiros
        ";"
        1 vaga
        ";"
        80 m¬≤
        ";Floor not informed;['\n              √Årea de servi√ßo\n            \n              Cozinha\n            \n              Elevador\n            \n              Interfone\n            \n              Mobiliado\n            \n              Varanda\n            '];Localizado no Boqueir√£o, √°rea nobre da Praia Grande, com f√°cil acesso aos principais pontos comerciais, restaurantes, supermercados, farm√°cias, ag√™ncias banc√°rias, desfrutando tudo isso a beira marBel√≠ssimo apartamento de 2 dormit√≥rios, 2 banheiros, com 90m2, sacada, 1 vaga de garagem, sala, cozinha ampla, √°rea de servi√ßos.100 metros da praiaAgende sua visitaRua Itarar√© 182 - Guilhermina -;https://www.zapimoveis.com.br/imovel/venda-apartamento-2-quartos-mobiliado-boqueirao-praia-grande-sp-80m2-id-2570235231/
14;"
    Apartamento com 2 Quartos √† venda, 58m¬≤ - Turu
  ";n√£o informado;n√£o informado;"
              Conjunto Primavera, 23 - Turu, S√£o Lu√≠s - MA
            ";"Venda
        R$ 180.000
      ";"
        2 quartos
        ";"
        2 banheiros
        ";"
        1 vaga
        ";"
        58 m¬≤
        ";Floor not informed;['\n              Aceita animais\n            \n              Ar-condicionado\n            \n              Churrasqueira\n            \n              Condom√≠nio fechado\n            \n              Piscina\n            \n              Playground\n            \n              Port√£o eletr√¥nico\n            \n              Portaria 24h\n            '];O apartamento no bairro Turu com 58 metros quadrados com 2 quartos e 2 banheirosPossui parquinho infantil.Vai lhe possibilitar curtir os dias mais quentes na piscina, todo o conforto do ar condicionado nos dias mais quentes.Fica em um condom√≠nio fechado.Espa√ßo reservado para preparar o seu churrasco.;https://www.zapimoveis.com.br/imovel/venda-apartamento-2-quartos-com-piscina-turu-sao-luis-ma-58m2-id-2564760079/
15;"
    Apartamento com 3 Quartos √† venda, 83m¬≤ - Dix-sept Rosado
  ";R$ 440;R$ 1.135;"
              Dix-sept Rosado, Natal - RN
            ";"Venda
        R$ 170.000
      ";"
        3 quartos
        ";"
        2 banheiros
        ";"
        1 vaga
        ";"
        83 m¬≤
        ";Floor not informed;['\n              √Årea de servi√ßo\n            \n              Arm√°rio na cozinha\n            '];"Vendo maravilhoso apartamento t√©rreo privativo, muito ventilado, perfeita localiza√ß√£o em Av. Amintas Barros, com v√°rios com√©rcios pr√≥ximo.Condom√≠nio Amintas Barros.DO APARTAMENTO- T√©rreo - nascente- 3 quartos sendo um su√≠te;- Sala para dois ambientes;- Cozinha / √Årea de servi√ßo;- WC Social com blindex e arm√°rios projetados;- 1 vaga de garagem coberta;CONDI√á√ïES DE PAGAMENTOIm√≥vel com escritura p√∫blica podendo ser financiadoFinanciamento imobili√°rio com assessoria COMPLETA.Agende j√° sua visita.KL Im√≥veis CRECI 6980 - JContatos:(84) 2040.1086 | Fixo(84) 99138.2913 | Claro(Whats)(84) 99866.2976 | TimOBS: Valor sujeito a altera√ß√£o sem aviso pr√©vio e conforme disponibilidade.  0.";https://www.zapimoveis.com.br/imovel/venda-apartamento-3-quartos-com-armario-de-cozinha-dix-sept-rosado-natal-rn-83m2-id-2570071022/
16;"
    Apartamento com 2 Quartos √† venda, 68m¬≤ - Jardim Dulce
  ";R$ 320;R$ 500;"
              Avenida C√¢ndido Jos√© Ribeiro, 330 - Jardim Dulce, Sumare - SP
            ";"Venda
        R$ 350.000
      ";"
        2 quartos
        ";"
        2 banheiros
        ";"
        2 vagas
        ";"
        68 m¬≤
        ";Floor not informed;['\n              Varanda gourmet\n            '];"APARTAMENTO √Ä VENDA SUMAR√âApartamento √† venda em Sumar√©, lindo , com 68m¬≤, 2 quartos sendo 1 su√≠te, sala para 2 ambientes com sacada, cozinha em estilo americano com arm√°rios planejados, lavanderia; um banheiro social.O condom√≠nio encontra-se pr√≥ximo √† v√°rias empresas e possui f√°cil acesso √† Rodovia Anhanguera e outras rodovias da regi√£o. A Petrucci Gest√£o Imobili√°ria oferece todo o suporte na hora da compra, venda e loca√ß√£o de um im√≥vel. Departamento jur√≠dico em tempo integral, al√©m de profissionais capacitados e especializados em atender e sanar todas as d√∫vidas, desde a escolha do im√≥vel at√© o p√≥s-venda.Somos especialistas em ajustar o neg√≥cio de acordo com a realidade de cada cliente, assim adaptamos propostas exclusivas de mercado para voc√™ chegar onde deseja.Consulte-nos!Petrucci Gest√£o Imobili√°ria -";https://www.zapimoveis.com.br/imovel/venda-apartamento-2-quartos-com-varanda-gourmet-jardim-dulce-sumare-sp-68m2-id-2566192901/
17;"
    Apartamento com 2 Quartos √† venda, 81m¬≤ - Gramame
  ";n√£o informado;n√£o informado;"
              Rua In√°cio Albino Neto - Gramame, Jo√£o Pessoa - PB
            ";"Venda
        R$ 59.827
      ";"
        2 quartos
        ";"
        1 banheiro
        ";"
        1 vaga
        ";"
        81 m¬≤
        ";Floor not informed;[];Apartamento, Gramame, Desocupado, contendo 2 dormit√≥rio(s), 1 vaga(s) de garagem, 1 banheiro(s), 45.09 M¬≤ de √°rea privativa, 36.74 M¬≤ de √°rea comum, 81.83 M¬≤ de √°rea total. Matr√≠cula n¬∫ 147092, 1¬∫ CRI DE JO√ÉO PESSOA, Inscri√ß√£o Prefeitura 364292-5. Valor avaliado R$93.391,81.;https://www.zapimoveis.com.br/imovel/venda-apartamento-2-quartos-gramame-joao-pessoa-pb-81m2-id-2569091254/
18;"
    Apartamento com 2 Quartos √† venda, 55m¬≤ - Torre√£o
  ";R$ 477;R$ 145;"
              Rua C√¢ndido Lacerda, 221 - Torre√£o, Recife - PE
            ";"Venda
        R$ 410.330
      ";"
        2 quartos
        ";"
        2 banheiros
        ";"
        1 vaga
        ";"
        55 m¬≤
        ";Floor not informed;['\n              Academia\n            \n              Churrasqueira\n            \n              Cozinha\n            \n              Interfone\n            \n              Piscina\n            \n              Piscina infantil\n            \n              Sal√£o de festas\n            \n              Sal√£o de jogos\n            \n              Sauna\n            \n              Seguran√ßa 24h\n            '];Ligue agora mesmo e fale com o nosso Executivo em Vendas (Whatsapp) - Escrit√≥rio - (C√≥digo Anuncio AP00645)O Duetto Localizado no bairro do Torre√£o, numa regi√£o arborizada, com ruas largas e com toda tranquilidade, mesmo estando ao lado de algumas das maiores vias da cidade do Recife. Pr√≥ximo a bares, restaurantes, escolas, faculdades, supermercados, padarias e centros comerciais. Est√° PRONTO PARA MORAR e possui apartamentos de 02 quartos (1 su√≠te), com √°rea √∫til de 55,47m¬≤ e 56,58m¬≤ e 01 vaga de garagem. Oferece √°rea de lazer completa com fitness center, sal√£o de festas com copa, sauna, sala de jogos, piscina adulto e infantil com deck, playground e mini-campo gramado. A uni√£o perfeita entre o lazer e a sua fam√≠lia. Comece a melhor fase da sua vida num empreendimento com o padr√£o de qualidade Gabriel Bacelar.Nenhuma foto vai passar a sensa√ß√£o que voc√™ ter√° quando visitar o im√≥vel pessoalmente, portanto agende agora mesmo a sua visita com o nosso Executivo em Vendas e tenha uma experi√™ncia √∫nica (Whatsapp) - (Escrit√≥rio)Fale conosco: -;https://www.zapimoveis.com.br/imovel/venda-apartamento-2-quartos-com-piscina-torreao-recife-pe-55m2-id-2560351273/
19;"
    Apartamento com 2 Quartos √† venda, 73m¬≤ - Parque Industrial Lagoinha
  ";R$ 440;R$ 39;"
              Rua Manoel Pic√£o J√∫nior - Parque Industrial Lagoinha, Ribeir√£o Preto - SP
            ";"Venda
        R$ 320.000
      ";"
        2 quartos
        ";"
        2 banheiros
        ";"
        1 vaga
        ";"
        73 m¬≤
        ";Floor not informed;['\n              Ar-condicionado\n            \n              Arm√°rio embutido\n            \n              Elevador\n            \n              Sala de jantar\n            \n              Sal√£o de festas\n            '];Apartamento em √≥tima localiza√ß√£o, 02 dormit√≥rios sendo 01 su√≠te, completo em arm√°rios, box blindex, sala 2 ambientes, 01 vaga de garagem.No empreendimento tem lazer completo.;https://www.zapimoveis.com.br/imovel/venda-apartamento-2-quartos-com-elevador-parque-industrial-lagoinha-ribeirao-preto-sp-73m2-id-1037275583/
;Title;Cond;IPTU;Address;Price;Bedrooms;Bathrooms;Garage;Area;Floor;Features;Description;Url
0;"
    Apartamento com 2 Quartos √† venda, 78m¬≤ - Ponta Verde
  ";n√£o informado;n√£o informado;"
              Avenida Engenheiro M√°rio de Gusm√£o, 0 - Ponta Verde, Macei√≥ - AL
            ";"Venda
        R$ 706.000
      ";"
        2 quartos
        ";"
        3 banheiros
        ";"
        2 vagas
        ";"
        78 m¬≤
        ";"
        5¬∫ andar
        ";[];O apartamento est√° localizado no bairro Ponta Verde possui 78 metros quadrados com 2 quartos sendo 1 suite e 3 banheiros;https://www.zapimoveis.com.br/imovel/venda-apartamento-2-quartos-ponta-verde-maceio-al-78m2-id-2541975168/
1;"
    Apartamento com 4 Quartos √† venda, 220m¬≤ - Brooklin
  ";R$ 3.900;R$ 1.300;"
              Brooklin, S√£o Paulo - SP
            ";"Venda
        R$ 2.545.000
      ";"
        4 quartos
        ";"
        4 banheiros
        ";"
        3 vagas
        ";"
        220 m¬≤
        ";Floor not informed;['\n              Academia\n            \n              Ar-condicionado\n            \n              Garagem\n            \n              Mobiliado\n            \n              Piscina\n            \n              Quadra poliesportiva\n            \n              Sal√£o de festas\n            '];Apartamento √† Venda - Brooklin, 4 Quartos, 220 m2. O caminho mais pr√°tico, transparente e seguro at√© o im√≥vel dos seus sonhos! Agende agora uma visita pelo nosso site buscando pelo c√≥digo do im√≥vel.C√ìDIGO DO IM√ìVEL: Apartamento 1 por andar ,4 dormit√≥rios ,3 su√≠tes ,lavabo ,lareira natural no Living ,copa e cozinha , 3 vagas na garagem demarcadas, mobiliado com projeto de decora√ß√£o primoroso, lou√ßas ,eletrodom√©sticos e eletr√¥nicos( incluindo tel√£o no Living) ,ficar√£o no im√≥vel .Arm√°rios embutidos nos quartos ,arm√°rios na cozinha /copa .Todos os c√¥modos recebem Sol ,arejado ,tranquilo e seguro.Piscina infantil e adulto e academia .Bairro nobre ,a poucos metros a p√© voc√™ encontra excelentes restaurantes ,supermercados,lojas ,padaria ,farm√°cia,bancos ,com√©rcio variado. Acesso f√°cil a transporte p√∫blico e principais vias .- Valor de venda: 2545000- Condom√≠nio: 3900- IPTU: 1300O QuintoAndar √© uma startup de tecnologia que revolucionou o jeito de alugar e comprar im√≥veis:;https://www.zapimoveis.com.br/imovel/venda-apartamento-4-quartos-mobiliado-brooklin-zona-sul-sao-paulo-sp-220m2-id-2545306945/
2;"
    Apartamento com 3 Quartos √† venda, 155m¬≤ - Campo Belo
  ";R$ 1.760;R$ 846;"
              Rua Ant√¥nio de Macedo Soares - Campo Belo, S√£o Paulo - SP
            ";"Venda
        R$ 1.940.000
      ";"
        3 quartos
        ";"
        4 banheiros
        ";"
        3 vagas
        ";"
        155 m¬≤
        ";Floor not informed;['\n              Piscina\n            \n              Piscina infantil\n            \n              Playground\n            \n              Sal√£o de festas\n            '];Apartamento para Venda no Campo Belo , 3 dormit√≥rios sendo 3 su√≠tes, 4 banheiros 3 vagas de garagem. 1 sala . o condominio possui Piscina Piscina Infantil Playground Sala de Gin√°stica Sal√£o de Festa Sal√£o de Jogos.;https://www.zapimoveis.com.br/imovel/venda-apartamento-3-quartos-com-piscina-campo-belo-zona-sul-sao-paulo-sp-155m2-id-2569610843/
3;"
    Apartamento com 3 Quartos √† venda, 110m¬≤ - Piedade
  ";R$ 590;R$ 1.500;"
              Avenida Senador S√©rgio Guerra - Piedade, Jaboat√£o dos Guararapes - PE
            ";"Venda
        R$ 380.000
      ";"
        3 quartos
        ";"
        3 banheiros
        ";"
        2 vagas
        ";"
        110 m¬≤
        ";Floor not informed;['\n              Aceita animais\n            \n              Acesso para deficientes\n            \n              Ar-condicionado\n            \n              Arm√°rio embutido\n            \n              Arm√°rio na cozinha\n            \n              Biciclet√°rio\n            \n              Box blindex\n            \n              Condom√≠nio fechado\n            \n              Cozinha grande\n            \n              Despensa\n            \n              Elevador\n            \n              Escada\n            \n              Estacionamento para visitantes\n            \n              Gesso - Sanca - Teto Rebaixado\n            \n              Hall de entrada\n            \n              Janela de alum√≠nio\n            \n              Lavabo\n            \n              M√≥vel planejado\n            \n              Port√£o eletr√¥nico\n            \n              Portaria 24h\n            \n              Sala grande\n            \n              Varanda\n            \n              Ventila√ß√£o natural\n            \n              Vista para o mar\n            '];Im√≥vel muito bem localizado. Reformado, amplo e arejado. Boa vizinhan√ßa. Pr√≥ximo de tudo! Shopping, academia, farm√°cias, mercado posto de gasolina e ponto de √¥nibus. Rua tranquila. Possibilidade de mais vagas de garagem. Po√ßo artesiano, elevador e gerador. Terreno pr√≥prio! Portaria 24hrs. SEM MOVEIS somente arm√°rios planejados. Aceita FGTS e financiamento.;https://www.zapimoveis.com.br/imovel/venda-apartamento-3-quartos-piedade-jaboatao-dos-guararapes-pe-110m2-id-2456411280/
4;"
    Apartamento com 2 Quartos √† venda, 56m¬≤ - Areao
  ";R$ 250;n√£o informado;"
              Avenida Jos√© Oleg√°rio de Barros, 1435 - Areao, Taubat√© - SP
            ";"Venda
        R$ 210.000
      ";"
        2 quartos
        ";"
        2 banheiros
        ";"
        1 vaga
        ";"
        56 m¬≤
        ";Floor not informed;['\n              Academia\n            \n              Acesso para deficientes\n            \n              √Årea de lazer\n            \n              Bar na piscina\n            \n              Biciclet√°rio\n            \n              Brinquedoteca\n            \n              C√¢mera de seguran√ßa\n            \n              Centro de est√©tica\n            \n              Churrasqueira\n            \n              Circuito de seguran√ßa\n            \n              Condom√≠nio fechado\n            \n              Deck\n            \n              Elevador\n            \n              Espa√ßo gourmet\n            \n              Espa√ßo verde / Parque\n            \n              Estacionamento para visitantes\n            \n              Forno de pizza\n            \n              Jardim\n            \n              Piscina\n            \n              Piscina aquecida\n            \n              Piscina infantil\n            \n              Piscina para adulto\n            \n              Playground\n            \n              Port√£o eletr√¥nico\n            \n              Portaria 24h\n            \n              Quadra poliesportiva\n            \n              Sal√£o de festas\n            \n              Sal√£o de jogos\n            \n              Solarium\n            '];üîë O condom√≠nio queridinho de Taubat√© est√° com suas ultimas unidades dispon√≠veis. üîëüìç Com mais de 30 Itens de lazer, um verdadeiro clube para sua fam√≠lia!‚û°Ô∏è Apto 02 e 03 dormit√≥rios (56 e 68 M¬≤) - su√≠te - varanda com churrasqueira grill - 01 ou 02 vagas.Aptos novos, Unidades da Construtora, entregues com piso e pintados.üìç 02 dormit√≥rios √† partir de R$ 210.000üìç 03 dormit√≥rios √† partir de R$ 260.000# n√£o possui nenhuma unidade da construtora com 02 dorms abaixo de $ 205.000,00 e 03 dorms abaixo de $ 250.000,00 como consta em outros an√∫ncios #Tudo isso numa excelente localiza√ß√£o:Are√£o, de frente ao COTET - Nagumo - Posto de gasolina e a 5 minutos do centro!;https://www.zapimoveis.com.br/imovel/venda-apartamento-2-quartos-com-piscina-areao-taubate-sp-56m2-id-2529777699/
5;"
    Apartamento com 2 Quartos √† venda, 60m¬≤ - Vila Constancia
  ";R$ 450;R$ 100;"
              Avenida Interlagos - Vila Constancia, S√£o Paulo - SP
            ";"Venda
        R$ 488.000
      ";"
        2 quartos
        ";"
        2 banheiros
        ";"
        1 vaga
        ";"
        60 m¬≤
        ";Floor not informed;['\n              Academia\n            \n              Churrasqueira\n            \n              Piscina\n            \n              Piscina infantil\n            \n              Playground\n            \n              Sal√£o de jogos\n            '];Apartamento √† Venda, 60m¬≤ por R$ 488.000. Vila Constancia - S√£o Paulo/SP Encontrar o im√≥vel dos sonhos nunca foi t√£o f√°cil como na parceria entre a Arbo e a Revenda - Morumbi RI13! Basta preencher o formul√°rio com nome, telefone e e-mail e enviar. Pronto! Agora o corretor da Revenda - Morumbi RI13 entrar√° em contato para confirmar interesse e agendar uma visita. Se tiver alguma d√∫vida, √© s√≥ entrar em contato com a Arbo pelo n√∫mero anunciado ao lado. Lembre-se que o im√≥vel est√° sujeito √† confirma√ß√£o de disponibilidade e valores. Confira mais sobre o im√≥vel da Revenda - Morumbi RI13: Condom√≠nio de apartamentos constru√≠do em 2012 (h√° 9 anos)pela empresa Camargo Corr√™a. O condom√≠nio residencial √© formado por 13 torres semelhantes. As unidades v√£o de 50m¬≤ a 180m¬≤ com 2 e 3 dormit√≥rios.;https://www.zapimoveis.com.br/imovel/venda-apartamento-2-quartos-com-piscina-vila-constancia-zona-sul-sao-paulo-sp-60m2-id-2570220520/
6;"
    Apartamento com 2 Quartos √† venda, 59m¬≤ - Parque Industrial
  ";R$ 300;R$ 110;"
              Rua Palmares, 300 - Parque Industrial, S√£o Jos√© dos Campos - SP
            ";"Venda
        R$ 254.157
      ";"
        2 quartos
        ";"
        2 banheiros
        ";"
        1 vaga
        ";"
        59 m¬≤
        ";"
        7¬∫ andar
        ";['\n              Academia\n            \n              Aceita animais\n            \n              Acesso para deficientes\n            \n              Churrasqueira\n            \n              Churrasqueira na varanda\n            \n              Condom√≠nio fechado\n            \n              Elevador\n            \n              Playground\n            \n              Sal√£o de festas\n            \n              Sal√£o de jogos\n            '];Apartamentos (cotas) de 59m2, 63m2, com 2 dormit√≥rios e 84m2 e 85m2 com 3 dormit√≥rios 1 ou 2 vagas # Coberturas exclusivas a partir de 100m2 at√© 140m2 todas com 2 vagas ¬® Todos os andares s√£o os mesmos valores ( sendo a mesma metragem ) ¬®Apartamentos (cotas) de 59m2, 63m2, com 2 dormit√≥rios e 84m2 e 85m2 com 3 dormit√≥rios 1 ou 2 vagas # Coberturas exclusivas a partir de 100m2 at√© 140m2 todas com 2 vagas # Cada Cota representa 1 unidade.# Lucro estimado a valor presente 55%PAGUE APENAS O PRE√áO DE CUSTO ‚≠ïÔ∏è# ANALISAMOS SEU CARRO COMO PARTE DO PAGAMENTO üöó#imoveiszonasul #imovelparqueindustrial Apartamento Zona sul, grupo kaza #grupokaza;https://www.zapimoveis.com.br/imovel/venda-apartamento-2-quartos-com-churrasqueira-parque-industrial-sao-jose-dos-campos-sp-59m2-id-2554817994/
7;"
    Apartamento com 2 Quartos √† venda, 62m¬≤ - Residencial e Comercial Palmares
  ";R$ 300;n√£o informado;"
              Rua Luiz Carlucci Sobrinho - Residencial e Comercial Palmares, Ribeir√£o Preto - SP
            ";"Venda
        R$ 270.000
      ";"
        2 quartos
        ";"
        2 banheiros
        ";"
        1 vaga
        ";"
        62 m¬≤
        ";Floor not informed;['\n              √Årea de servi√ßo\n            \n              Churrasqueira\n            \n              Cozinha\n            \n              Interfone\n            \n              Playground\n            \n              Seguran√ßa 24h\n            \n              Varanda\n            '];Apto Ed Rio Tamisa | Aqui na Imobili√°ria Rosa e Rangel | Condom√≠nio RIO TAMISAExcelente apartamento de 62 m2 de √°rea √∫til, com 2 dormit√≥rios sendo 1 su√≠te, banheiro social, sacada, m√≥veis planejados nos quartos, banheiros e cozinha, molduras de gesso em todos c√¥modos, bancada para cooktop e forno, √°rea gourmet, uma vaga na garagem, elevador, localiza√ß√£o boa pr√≥ximo a mercados, etc.  Ref. Im√≥vel: 3553A | Acesse: ROSAERANGEL.COM.BR - Lan√ßado na √∫ltima quarta-feira, dia 6 de Julho.;https://www.zapimoveis.com.br/imovel/venda-apartamento-2-quartos-com-churrasqueira-residencial-e-comercial-palmares-ribeirao-preto-sp-62m2-id-2544988272/
8;"
    Apartamento com 2 Quartos √† venda, 60m¬≤ - Aruana
  ";n√£o informado;n√£o informado;"
              Aruana, Aracaju - SE
            ";"Venda
        R$ 159.020
      ";"
        2 quartos
        ";"
        1 banheiro
        ";"
        1 vaga
        ";"
        60 m¬≤
        ";Floor not informed;['\n              √Årea de servi√ßo\n            \n              Cozinha\n            \n              Elevador\n            \n              Garagem\n            '];"√önico naregi√£o com varanda gourmet -Apartamentos com 2 quartos sendo 1 su√≠te- Op√ß√µes com giardino com at√© 70m¬≤- P√≥rtico de entrada com pele de vidro e 2vias de acesso;-2 Elevadores por torre;-Melhor Localiza√ß√£o da Aruana;- Wifi na √°rea de lazer entregue cominfraestrutura -Tomadas USB nas √°reas Comuns -Ponto para Ar condicionado Split na su√≠te -Quadra de beach t√™nis, BicicletasCompartilh√°veis, Pet Play e Pet Care, Espa√ßo Yoga, Coworking, Cinema,PiscinaAdulto e Infantil com Raia e Deck Molhado-Muitos outros itens na √°rea de lazer,entregue equipada;  DESCONTO DO PROGRAMA CASA VERDE AMARELA|Unidades a partir de R 159 MIL |Fluxo de entrada parcelado|Use seu FGTS como entrada Soliciteagora mesmo a sua SIMULA√á√ÉO Maiores informa√ß√µes: 79 9. liga√ß√£o + whatsappMEU LAR IM√ìVEIS | CRECI 470 PJ   Forma de Pagamento: Valores, disponibilidade e condi√ß√µes sujeitos a altera√ß√µes sem aviso pr√©vio.   Meu Lar Im√≥veis ";https://www.zapimoveis.com.br/imovel/venda-apartamento-2-quartos-aruana-aracaju-se-60m2-id-2556576682/
9;"
    Apartamento com 2 Quartos √† venda, 65m¬≤ - Vila Nova Alba
  ";R$ 550;R$ 130;"
              Rua Vicente de Sab√≥ia, 144 - Vila Nova Alba, S√£o Paulo - SP
            ";"Venda
        R$ 365.000
      ";"
        2 quartos
        ";"
        2 banheiros
        ";"
        1 vaga
        ";"
        65 m¬≤
        ";"
        12¬∫ andar
        ";['\n              Academia\n            \n              Aceita animais\n            \n              Acesso para deficientes\n            \n              √Årea de lazer\n            \n              Arm√°rio embutido\n            \n              Biciclet√°rio\n            \n              Churrasqueira\n            \n              Condom√≠nio fechado\n            \n              Elevador\n            \n              Jardim\n            \n              Piscina\n            \n              Playground\n            \n              Port√£o eletr√¥nico\n            \n              Portaria 24h\n            \n              Quadra poliesportiva\n            \n              Sal√£o de festas\n            \n              Sal√£o de jogos\n            '];O apartamento est√° localizado no bairro Vila Nova Alba possui 65 metros quadrados com 2 quartos sendo 1 suite e 2 banheirosPossui √°rea de fitness, √°rea verde de jardim, √°rea de recrea√ß√£o infantil, sal√£o para festas e eventos.Vai lhe possibilitar curtir os dias mais quentes na piscina, praticar diversos esportes na quadra poliesportiva.Churrasqueira para voc√™ aproveitar nos momentos de descontra√ß√£o.Elevador para mais praticidade no dia-a-dia.Est√° em um condom√≠nio protegido por grades.;https://www.zapimoveis.com.br/imovel/venda-apartamento-2-quartos-com-piscina-vila-nova-alba-zona-oeste-sao-paulo-sp-65m2-id-2531964495/
10;"
    Apartamento com 2 Quartos √† venda, 55m¬≤ - Jardim Odete
  ";R$ 250;R$ 55;"
              Jardim Odete, Guarulhos - SP
            ";"Venda
        R$ 210.000
      ";"
        2 quartos
        ";"
        1 banheiro
        ";"
        1 vaga
        ";"
        55 m¬≤
        ";Floor not informed;['\n              Churrasqueira\n            \n              Condom√≠nio fechado\n            \n              Cozinha\n            \n              Interfone\n            \n              Piscina\n            '];"Apartamento √† Venda - Jardim Odete - Guarulhos/SPIm√≥vel com 2 Dormit√≥rios; Sala; Cozinha; Banheiro; Lavanderia; 1 Vaga de Garagem; √Årea de lazer com V√°rios quiosque pra Churrasco; 2 Sal√µes de festas; 2 Quadras Poliesportivas; 2 Piscinas; Academia de pra√ßa; Pista de Cooper.Uma √°rea verde com bosque dentro do condom√≠nioPortaria e Seguran√ßa 24 HorasAGENDE J√Å SUA VISITA !!! -";https://www.zapimoveis.com.br/imovel/venda-apartamento-2-quartos-com-piscina-jardim-odete-guarulhos-sp-55m2-id-2471635977/
11;"
    Apartamento com 3 Quartos √† venda, 72m¬≤ - S√£o Lucas
  ";R$ 350;R$ 141;"
              S√£o Lucas, Belo Horizonte - MG
            ";"Venda
        R$ 460.000
      ";"
        3 quartos
        ";"
        2 banheiros
        ";"
        2 vagas
        ";"
        72 m¬≤
        ";Floor not informed;['\n              Interfone\n            \n              Jardim\n            \n              Varanda\n            '];"***Apto - sala para 2 ambientes com piso em porcelanato; varanda; 3 quartos com piso em laminado de madeira; su√≠te e banho social com piso e bancada em granito, box blindex; cozinha com piso em porcelanato e bancada em granito; √°rea de servi√ßo.***Pr√©dio bem localizado na parte plana da rua, todo em textura, fachada com detalhes em cer√¢mica; hall social; jardins; elevador; 2 vagas em linhas.";https://www.zapimoveis.com.br/imovel/venda-apartamento-3-quartos-com-interfone-sao-lucas-belo-horizonte-mg-72m2-id-2444090885/
12;"
    Apartamento com 2 Quartos √† venda, 50m¬≤ - Jardim Ocara
  ";n√£o informado;n√£o informado;"
              Rua Ant√¥nio de Lima - Jardim Ocara, Santo Andr√© - SP
            ";"Venda
        R$ 350.000
      ";"
        2 quartos
        ";"
        1 banheiro
        ";"
        1 vaga
        ";"
        50 m¬≤
        ";Floor not informed;['\n              Port√£o eletr√¥nico\n            '];O Edif√≠cio Pallavi √© um excelente apartamento, 50m¬≤, 2 dormit√≥rios com persiana blackout, 1 su√≠te, sala, cozinha, wc social, 1 vaga de garagem.√ìtima Localiza√ß√£o pr√≥ximo da Av. Pereira Barreto, pr√≥ximo do Shopping ABC, Golden Square e Metr√≥pole, com f√°cil acesso a supermercados, farm√°cias, parques, e diversos com√©rcios. Localiza√ß√£o:3 min. Mercado Extra.4 min. Padaria Bella Vit√≥ria. 5 min. Shopping ABC.6 min. Parque Central. 6 min. Shopping Metr√≥pole.8 min. Shopping Golden Square.Temos um especialista em cr√©dito e documenta√ß√£o imobili√°ria que ir√° auxiliar voc√™ no que for necess√°rio para concretiza√ß√£o do seu sonho. Trabalhamos com todos os bancos, aceitamos FGTS como parte da entrada. Agende sua visita sem compromisso, ser√° um prazer atender voc√™. Conte sempre com a Navarro.Somos especialistas em Apartamentos e Coberturas na regi√£o.;https://www.zapimoveis.com.br/imovel/venda-apartamento-2-quartos-jardim-ocara-santo-andre-sp-50m2-id-2548530202/
13;"
    Apartamento com 2 Quartos √† venda, 48m¬≤ - Loteamento Terra Brasilis
  ";R$ 235;n√£o informado;"
              Loteamento Terra Brasilis, S√£o Jos√© dos Campos - SP
            ";"Venda
        R$ 183.500
      ";"
        2 quartos
        ";"
        1 banheiro
        ";"
        1 vaga
        ";"
        48 m¬≤
        ";Floor not informed;[];Apartamento residencial para VendaLoteamento Terra Brasilis, S√£o Jos√© dos Campos2 dormit√≥rios, 1 sala, 1 banheiro, 1 vagaLazer completo, parece um clube. Aqui a divers√£o √© garantida todos os dias!.? Apartamentos de 2 dormit√≥rios com sacada? vaga de garagem? elevador? 48,00 ou 48,32 m¬≤ de √°rea privativa? Piscina com aquecimento Solar? Espa√ßo para Fitness? Brinquedoteca? Sal√£o de Festas? Sal√£o de Jogos? Sala de Games? Playground? Churrasqueiras? Vagas para visitantesPara mais informa√ß√µes entre em contato com nossos corretores;https://www.zapimoveis.com.br/imovel/venda-apartamento-2-quartos-loteamento-terra-brasilis-sao-jose-dos-campos-sp-48m2-id-2540251341/
14;"
    Apartamento com 3 Quartos √† venda, 70m¬≤ - Itapu√£
  ";n√£o informado;n√£o informado;"
              Rua Itaquari, 0 - Itapu√£, Vila Velha - ES
            ";"Venda
        R$ 410.000
      ";"
        3 quartos
        ";"
        1 banheiro
        ";"
        1 vaga
        ";"
        70 m¬≤
        ";Floor not informed;[];Anderson Martins vende excelente apartamento localizado na divisa de Itapu√£ com Itaparica, gesso no teto, piso frio com detalhes em granitos, ventiladores de teto e box vidro nos banheiros.Pr√≥ximo ao shopping, banco, churrascarias, restaurantes, hotel, farm√°cias, padarias e demais com√©rcio local. *Ligue ainda hoje e agenda uma visita com um de nossos corretores. *Para otimizar seu atendimento tenha em m√£os o n√∫mero da refer√™ncia do im√≥vel. *Os valores podem serem alterados a qualquer momento sem nenhum aviso pr√©vio! CRECI: 6850F Ligue... ‚Äúvalor referente ao m√™s de JULHO de 2022C√≥d: 2019770 m¬≤ √Årea √∫til3 Dorms1 Suite1 Banheiro1 VagaVenda R$ 410.000,00R. Itaquari, Villagio di Firenzi, 456Itapu√£, Vila Velha - ES29101-850;https://www.zapimoveis.com.br/imovel/venda-apartamento-3-quartos-itapua-vila-velha-es-70m2-id-2569705574/
15;"
    Apartamento com 1 Quarto √† venda, 25m¬≤ - Sumarezinho
  ";R$ 600;R$ 140;"
              Rua Senador C√©sar Lacerda Vergueiro - Sumarezinho, S√£o Paulo - SP
            ";"Venda
        R$ 508.000
      ";"
        1 quarto
        ";"
        1 banheiro
        ";Not informed;"
        25 m¬≤
        ";Floor not informed;['\n              Churrasqueira\n            \n              Espa√ßo gourmet\n            \n              Lavanderia\n            \n              Piscina\n            \n              Piscina infantil\n            \n              Piscina para adulto\n            '];Apartamento √† Venda, 25m¬≤ por R$ 508.000. Sumarezinho - S√£o Paulo/SP Encontrar o im√≥vel dos sonhos nunca foi t√£o f√°cil como na parceria entre a Arbo e a Revenda - Faria Lima RI12! Basta preencher o formul√°rio com nome, telefone e e-mail e enviar. Pronto! Agora o corretor da Revenda - Faria Lima RI12 entrar√° em contato para confirmar interesse e agendar uma visita. Se tiver alguma d√∫vida, √© s√≥ entrar em contato com a Arbo pelo n√∫mero anunciado ao lado. Lembre-se que o im√≥vel est√° sujeito √† confirma√ß√£o de disponibilidade e valores. Confira mais sobre o im√≥vel da Revenda - Faria Lima RI12: Studios Hub Vila Madalena  Studios vinculados √† pr√©dio residencial de alto padr√£o (Altto Vila Madalena) Caracter√≠sticas:  Unidade com vista privilegiada.  Condom√≠nio conta com: * Churrasqueira * Piscina Adulto Descoberta * Fitness * Piscina Infantil Descoberta * Espa√ßo Gourmet * Lavanderia Coletiva;https://www.zapimoveis.com.br/imovel/venda-apartamento-1-quarto-com-piscina-sumarezinho-zona-oeste-sao-paulo-sp-25m2-id-2569480534/
16;"
    Apartamento com 3 Quartos √† venda, 90m¬≤ - Jardim Amazonas
  ";R$ 500;R$ 100;"
              Jardim Amazonas, Campinas - SP
            ";"Venda
        R$ 420.000
      ";"
        3 quartos
        ";"
        1 banheiro
        ";"
        1 vaga
        ";"
        90 m¬≤
        ";Floor not informed;['\n              Arm√°rio na cozinha\n            \n              Churrasqueira\n            \n              Mobiliado\n            \n              Playground\n            \n              Sala de jantar\n            \n              Sal√£o de festas\n            \n              Sal√£o de jogos\n            \n              Vigia\n            '];Apartamento √† Venda em Campinas/SPLindo apartamento duplex na cobertura √† venda no Jardim Amazonas em Campinas, composto por ampla Sala, Varanda, 03 dormit√≥rios sendo 01 su√≠te, Cozinha e Lavanderia. Condom√≠nio possu√≠ portaria 24h, churrasqueira, forno de pizza, sal√£o de festas, sal√£o de jogos e playground. EXCELENTE OPORTUNIDADE, AGENDE J√Å SUA VISITA!;https://www.zapimoveis.com.br/imovel/venda-apartamento-3-quartos-mobiliado-jardim-amazonas-campinas-sp-90m2-id-2448456698/
